{
  "global": [
    {
      "type": "SET_MODEL_NAME",
      "input": {
        "name": "ContributorBill"
      },
      "scope": "global",
      "id": "00a1647d-e720-4f09-8836-576266f519bc",
      "index": 0,
      "timestamp": "2024-11-11T06:05:03.913Z",
      "hash": "IdhS67yRj/LzVe7nfsLllEGUguA=",
      "skip": 0
    },
    {
      "type": "SET_STATE_SCHEMA",
      "input": {
        "schema": "type ContributorBillState {\n  \"Add your global state fields here\"\n  _placeholder: String\n}",
        "scope": "global"
      },
      "scope": "global",
      "id": "6deb9a6b-9fed-4601-b61a-15e731eea004",
      "index": 1,
      "timestamp": "2024-11-11T06:05:03.914Z",
      "hash": "whTS/uvc1HpWiBS76R2ONHNg2jc=",
      "skip": 0
    },
    {
      "type": "SET_MODEL_ID",
      "input": {
        "id": "powerhouse/contributorbill"
      },
      "scope": "global",
      "id": "bb04eb2f-78ad-4b19-89f2-a021ac9ead1b",
      "index": 2,
      "timestamp": "2024-11-11T06:05:09.450Z",
      "hash": "X8myYW7/Upegls9OIjZDIUSA5pU=",
      "skip": 0
    },
    {
      "type": "SET_MODEL_DESCRIPTION",
      "input": {
        "description": "Contributor Bill model"
      },
      "scope": "global",
      "id": "1d06691a-91e3-417e-875b-5cc3159f13fb",
      "index": 3,
      "timestamp": "2024-11-11T06:05:18.862Z",
      "hash": "7opK1t4jIpOH05BPAkyZCn0PO4M=",
      "skip": 0
    },
    {
      "type": "SET_AUTHOR_NAME",
      "input": {
        "authorName": "Powerhouse"
      },
      "scope": "global",
      "id": "f915204c-c926-4bae-9472-6105fd486aa8",
      "index": 4,
      "timestamp": "2024-11-11T06:05:23.871Z",
      "hash": "uzSrf9beoinFcKJRB3ncV2Fz4a8=",
      "skip": 0
    },
    {
      "type": "SET_AUTHOR_WEBSITE",
      "input": {
        "authorWebsite": "https://powerhouse.inc"
      },
      "scope": "global",
      "id": "a5bde3de-49cf-4301-a1f4-7a93f828292e",
      "index": 5,
      "timestamp": "2024-11-11T06:05:28.951Z",
      "hash": "79a49HQ0eLbA8iKneWYnX57k/p8=",
      "skip": 0
    },
    {
      "type": "SET_MODEL_EXTENSION",
      "input": {
        "extension": ".phd"
      },
      "scope": "global",
      "id": "3e3641d7-97a0-4400-887b-f0113cfa3e30",
      "index": 6,
      "timestamp": "2024-11-11T06:05:31.839Z",
      "hash": "hC/36xbZV1nF2nzwzt/73G9Wl00=",
      "skip": 0
    },
    {
      "type": "SET_STATE_SCHEMA",
      "input": {
        "schema": "type ContributorBillState {\n  issued: Date!\n  issuer: EthereumAddress\n  due: Date\n  stableComp: [StableCoinLineItem!]!\n  powtComp: [PowtLineItem!]!\n  recipient: EthereumAddress\n}\n\ntype StableCoinLineItem {\n  id: ID!\n  description: String\n  amount: Amount_Money!\n  currency: Currency!\n}\n\ntype PowtLineItem {\n  id: ID!\n  description: String\n  amount: Amount_Tokens!\n  projectCode: String\n}",
        "scope": "global"
      },
      "scope": "global",
      "id": "5f0c3b28-f1c4-4079-a1b4-27f01915f760",
      "index": 7,
      "timestamp": "2024-11-11T06:05:45.297Z",
      "hash": "mbzIxRVym1mlhMghfc+fL0yVd3I=",
      "skip": 0
    },
    {
      "type": "SET_INITIAL_STATE",
      "input": {
        "initialValue": "{\n  \"issued\": \"\",\n  \"issuer\": \"\",\n  \"due\": \"\",\n  \"stableComp\": [],\n  \"powtComp\": [],\n  \"recipient\": \"\"\n}",
        "scope": "global"
      },
      "scope": "global",
      "id": "d18edc17-1cbb-4753-bfd3-0eaddc71a06c",
      "index": 8,
      "timestamp": "2024-11-11T06:05:51.009Z",
      "hash": "3JjqBoBotlbqZwrK3iNyTwyOpX0=",
      "skip": 0
    },
    {
      "type": "ADD_MODULE",
      "input": {
        "id": "muz1EWlnacU3ZjmoKZsZHye97lk=",
        "name": "contributor_bill"
      },
      "scope": "global",
      "id": "b1cf533a-9ff3-4fc9-b173-15606181a2e8",
      "index": 9,
      "timestamp": "2024-11-11T06:06:57.986Z",
      "hash": "BtAuZnr7GpAcio2Jc79N+KaGbV8=",
      "skip": 0
    },
    {
      "type": "ADD_MODULE",
      "input": {
        "id": "o0Wk+3hMHesBxKp0a/7H/ytUXhs=",
        "name": "create_contributor_bill"
      },
      "scope": "global",
      "id": "48cb19c2-8a38-4191-9c96-28bfefc8e560",
      "index": 10,
      "timestamp": "2024-11-11T06:07:02.091Z",
      "hash": "9WbgAh0f1icY176h0OWw76R2ANc=",
      "skip": 0
    },
    {
      "type": "DELETE_MODULE",
      "input": {
        "id": "o0Wk+3hMHesBxKp0a/7H/ytUXhs="
      },
      "scope": "global",
      "id": "456a2f40-3562-47dc-b4d2-82186e13571e",
      "index": 11,
      "timestamp": "2024-11-11T06:07:29.920Z",
      "hash": "BtAuZnr7GpAcio2Jc79N+KaGbV8=",
      "skip": 0
    },
    {
      "type": "ADD_OPERATION",
      "input": {
        "id": "hljQ9GL42kvX5PN2s13C03iWC64=",
        "moduleId": "muz1EWlnacU3ZjmoKZsZHye97lk=",
        "name": "CREATE_CONTRIBUTOR_BILL"
      },
      "scope": "global",
      "id": "6468c21a-3ff7-45cb-b54f-069b82d16b72",
      "index": 12,
      "timestamp": "2024-11-11T06:07:32.682Z",
      "hash": "OtjS5rwmU6zglZBu2D2/k9FqXso=",
      "skip": 0
    },
    {
      "type": "SET_OPERATION_SCHEMA",
      "input": {
        "id": "hljQ9GL42kvX5PN2s13C03iWC64=",
        "schema": "input CreateContributorBillInput {\n  \"Add your inputs here\"\n  _placeholder: String\n}"
      },
      "scope": "global",
      "id": "0407f43c-9ca3-42e5-9de3-35faa6085e00",
      "index": 13,
      "timestamp": "2024-11-11T06:07:32.682Z",
      "hash": "G1/QQcm/A5uUWtnrvoiciIu/gkw=",
      "skip": 0
    },
    {
      "type": "SET_OPERATION_SCHEMA",
      "input": {
        "id": "hljQ9GL42kvX5PN2s13C03iWC64=",
        "schema": "input CreateContributorBillInput {\n  issued: Date!\n  issuer: EthereumAddress\n  due: Date\n  stableComp: [StableCoinLineItem!]!\n  powtComp: [PowtLineItem!]!\n  recipient: EthereumAddress\n}"
      },
      "scope": "global",
      "id": "487a3497-b65d-481f-a57d-c2024b4b3823",
      "index": 14,
      "timestamp": "2024-11-11T06:07:51.184Z",
      "hash": "KaNPfaKN9j31Cy4mO0pKXeXYtAA=",
      "skip": 0
    },
    {
      "type": "SET_OPERATION_SCHEMA",
      "input": {
        "id": "hljQ9GL42kvX5PN2s13C03iWC64=",
        "schema": "input CreateContributorBillInput {\n  issued: Date!\n  issuer: EthereumAddress\n  due: Date\n \n  recipient: EthereumAddress\n}"
      },
      "scope": "global",
      "id": "82ac3ffe-cee3-446f-81a3-fadc2ee2c688",
      "index": 15,
      "timestamp": "2024-11-11T06:07:57.568Z",
      "hash": "dWmT/IqQssEpkCLlVTvOK2cmIOs=",
      "skip": 0
    },
    {
      "type": "SET_OPERATION_SCHEMA",
      "input": {
        "id": "hljQ9GL42kvX5PN2s13C03iWC64=",
        "schema": "input CreateContributorBillInput {\n  issued: Date!\n  issuer: EthereumAddress\n  due: Date\n\n  recipient: EthereumAddress\n}"
      },
      "scope": "global",
      "id": "8b1cd2cb-072d-4cdf-af78-142bd8bbc8a0",
      "index": 16,
      "timestamp": "2024-11-11T06:07:58.072Z",
      "hash": "0YBNgA5igPybOEoiXuVEwdUgomg=",
      "skip": 0
    },
    {
      "type": "SET_OPERATION_SCHEMA",
      "input": {
        "id": "hljQ9GL42kvX5PN2s13C03iWC64=",
        "schema": "input CreateContributorBillInput {\n  issued: Date!\n  issuer: EthereumAddress\n  due: Date\n  recipient: EthereumAddress\n}"
      },
      "scope": "global",
      "id": "68863cd2-17a8-47fd-949d-67ba4d951716",
      "index": 17,
      "timestamp": "2024-11-11T06:07:58.448Z",
      "hash": "b/vwRXj///ulpwJedWkRtRsl3tg=",
      "skip": 0
    },
    {
      "type": "ADD_OPERATION",
      "input": {
        "id": "bBqWmzrVLGWMZjeDFc7hS1pBBTc=",
        "moduleId": "muz1EWlnacU3ZjmoKZsZHye97lk=",
        "name": "ADD_STABLECOIN_LINE_ITEM"
      },
      "scope": "global",
      "id": "62eb22c0-353f-428c-9a47-991a1d29f706",
      "index": 18,
      "timestamp": "2024-11-11T06:08:19.139Z",
      "hash": "uHHtnC3ZJCTm/3peWdhk2XMe6b4=",
      "skip": 0
    },
    {
      "type": "SET_OPERATION_SCHEMA",
      "input": {
        "id": "bBqWmzrVLGWMZjeDFc7hS1pBBTc=",
        "schema": "input AddStablecoinLineItemInput {\n  \"Add your inputs here\"\n  _placeholder: String\n}"
      },
      "scope": "global",
      "id": "2dd9bc64-2c81-4f90-972b-6691309a533d",
      "index": 19,
      "timestamp": "2024-11-11T06:08:19.140Z",
      "hash": "7p0qzhOc5KOSt0REc9WQjYJiRw4=",
      "skip": 0
    },
    {
      "type": "SET_OPERATION_SCHEMA",
      "input": {
        "id": "bBqWmzrVLGWMZjeDFc7hS1pBBTc=",
        "schema": "input AddStablecoinLineItemInput {\n  id: ID!\n  description: String\n  amount: Amount_Money!\n  currency: Currency!\n}"
      },
      "scope": "global",
      "id": "68d5d2ad-c5e1-4f2f-be72-a00e19f8b838",
      "index": 20,
      "timestamp": "2024-11-11T06:08:32.431Z",
      "hash": "Jj0yGwBrvxOca9WfxoUUFoMmjPM=",
      "skip": 0
    },
    {
      "type": "SET_OPERATION_SCHEMA",
      "input": {
        "id": "bBqWmzrVLGWMZjeDFc7hS1pBBTc=",
        "schema": "input AddStablecoinLineItemInput {\n  sid: ID!\n  description: String\n  amount: Amount_Money!\n  currency: Currency!\n}"
      },
      "scope": "global",
      "id": "2735fb53-a068-4f37-b454-fb535c9b13df",
      "index": 21,
      "timestamp": "2024-11-11T06:08:36.843Z",
      "hash": "lDcARxDKbCY3hqC9gXC1zquwLLM=",
      "skip": 0
    },
    {
      "type": "SET_OPERATION_SCHEMA",
      "input": {
        "id": "bBqWmzrVLGWMZjeDFc7hS1pBBTc=",
        "schema": "input AddStablecoinLineItemInput {\n  stid: ID!\n  description: String\n  amount: Amount_Money!\n  currency: Currency!\n}"
      },
      "scope": "global",
      "id": "31ea5da0-8cf7-4c8c-bac2-620c34cc5cfb",
      "index": 22,
      "timestamp": "2024-11-11T06:08:36.993Z",
      "hash": "8RUe017tZFYKH2GwHX4p6KUJfWg=",
      "skip": 0
    },
    {
      "type": "SET_OPERATION_SCHEMA",
      "input": {
        "id": "bBqWmzrVLGWMZjeDFc7hS1pBBTc=",
        "schema": "input AddStablecoinLineItemInput {\n  staid: ID!\n  description: String\n  amount: Amount_Money!\n  currency: Currency!\n}"
      },
      "scope": "global",
      "id": "151b17e6-78a5-480e-bb9a-06cda58ded22",
      "index": 23,
      "timestamp": "2024-11-11T06:08:37.131Z",
      "hash": "qkwHykPwFKWVSVU0le3vOOo6cko=",
      "skip": 0
    },
    {
      "type": "SET_OPERATION_SCHEMA",
      "input": {
        "id": "bBqWmzrVLGWMZjeDFc7hS1pBBTc=",
        "schema": "input AddStablecoinLineItemInput {\n  stid: ID!\n  description: String\n  amount: Amount_Money!\n  currency: Currency!\n}"
      },
      "scope": "global",
      "id": "e0e82f4d-3f6a-4a9e-b525-e3f2c284e845",
      "index": 24,
      "timestamp": "2024-11-11T06:08:38.027Z",
      "hash": "8RUe017tZFYKH2GwHX4p6KUJfWg=",
      "skip": 0
    },
    {
      "type": "SET_OPERATION_SCHEMA",
      "input": {
        "id": "bBqWmzrVLGWMZjeDFc7hS1pBBTc=",
        "schema": "input AddStablecoinLineItemInput {\n  sid: ID!\n  description: String\n  amount: Amount_Money!\n  currency: Currency!\n}"
      },
      "scope": "global",
      "id": "35340f22-fb79-483c-bce1-7f76e60f3780",
      "index": 25,
      "timestamp": "2024-11-11T06:08:38.184Z",
      "hash": "lDcARxDKbCY3hqC9gXC1zquwLLM=",
      "skip": 0
    },
    {
      "type": "SET_OPERATION_SCHEMA",
      "input": {
        "id": "bBqWmzrVLGWMZjeDFc7hS1pBBTc=",
        "schema": "input AddStablecoinLineItemInput {\n  id: ID!\n  description: String\n  amount: Amount_Money!\n  currency: Currency!\n}"
      },
      "scope": "global",
      "id": "58855e2e-5b62-43eb-bb17-085213911eec",
      "index": 26,
      "timestamp": "2024-11-11T06:08:38.504Z",
      "hash": "Jj0yGwBrvxOca9WfxoUUFoMmjPM=",
      "skip": 0
    },
    {
      "type": "ADD_OPERATION",
      "input": {
        "id": "ndWeC6BHxpjWp23jIqlRP3jzcX0=",
        "moduleId": "muz1EWlnacU3ZjmoKZsZHye97lk=",
        "name": "ADD_POWT_LINE_ITEM"
      },
      "scope": "global",
      "id": "db590871-e843-4a31-9b19-8bb0e3646958",
      "index": 27,
      "timestamp": "2024-11-11T06:09:03.740Z",
      "hash": "B/dbB9FA8LBwsIN+BmpryqBvjJc=",
      "skip": 0
    },
    {
      "type": "SET_OPERATION_SCHEMA",
      "input": {
        "id": "ndWeC6BHxpjWp23jIqlRP3jzcX0=",
        "schema": "input AddPowtLineItemInput {\n  \"Add your inputs here\"\n  _placeholder: String\n}"
      },
      "scope": "global",
      "id": "be2eaca3-b58e-471b-97d1-ad14c2006b7c",
      "index": 28,
      "timestamp": "2024-11-11T06:09:03.741Z",
      "hash": "waOxMl0nHIOpJi3Yxd9IdTAInP0=",
      "skip": 0
    },
    {
      "type": "SET_OPERATION_SCHEMA",
      "input": {
        "id": "ndWeC6BHxpjWp23jIqlRP3jzcX0=",
        "schema": "input AddPowtLineItemInput {\n  id: ID!\n  description: String\n  amount: Amount_Tokens!\n  projectCode: String\n}"
      },
      "scope": "global",
      "id": "24600e5b-994c-45c0-acf3-6dc75d8d9711",
      "index": 29,
      "timestamp": "2024-11-11T06:09:14.980Z",
      "hash": "FaR8sgm+tss9imYPOyH1mZoCzGM=",
      "skip": 0
    },
    {
      "type": "ADD_OPERATION",
      "input": {
        "id": "0EriUpYCtx18NOh7rp+4MZr7RKk=",
        "moduleId": "muz1EWlnacU3ZjmoKZsZHye97lk=",
        "name": "ADD_LINE_ITEM"
      },
      "scope": "global",
      "id": "a25ccbd6-1a86-41e7-929f-9dd06d6f23d6",
      "index": 30,
      "timestamp": "2024-11-11T06:11:56.585Z",
      "hash": "FJJAeS/oOjqrja5M8eH/1XzAGb0=",
      "skip": 0
    },
    {
      "type": "SET_OPERATION_SCHEMA",
      "input": {
        "id": "0EriUpYCtx18NOh7rp+4MZr7RKk=",
        "schema": "input AddLineItemInput {\n  \"Add your inputs here\"\n  _placeholder: String\n}"
      },
      "scope": "global",
      "id": "7068e1a9-00f8-4ec5-abfa-d4f988a3fe3e",
      "index": 31,
      "timestamp": "2024-11-11T06:11:56.585Z",
      "hash": "S1zoLQqWxJ06Qjy8RmmLI0gUh0U=",
      "skip": 0
    },
    {
      "type": "SET_OPERATION_SCHEMA",
      "input": {
        "id": "0EriUpYCtx18NOh7rp+4MZr7RKk=",
        "schema": "input AddLineItemInput {\n  id: ID!\n  description: String\n  amount: Amount_Money!\n  currency: Currency!\n}"
      },
      "scope": "global",
      "id": "93091b3d-04ea-4c47-a536-32541824ff2b",
      "index": 32,
      "timestamp": "2024-11-11T06:12:04.120Z",
      "hash": "/vpHNcPDON9Nmrl739lXTVVJTJE=",
      "skip": 0
    },
    {
      "type": "DELETE_OPERATION",
      "input": {
        "id": "0EriUpYCtx18NOh7rp+4MZr7RKk="
      },
      "scope": "global",
      "id": "afd2e4b4-e73d-40f6-aaf1-93585d39c327",
      "index": 33,
      "timestamp": "2024-11-11T06:12:56.183Z",
      "hash": "FaR8sgm+tss9imYPOyH1mZoCzGM=",
      "skip": 0
    },
    {
      "type": "ADD_OPERATION",
      "input": {
        "id": "6TFiD0677vqk/l26x0cZE9KdJOk=",
        "moduleId": "muz1EWlnacU3ZjmoKZsZHye97lk=",
        "name": "UPDATE_STABLECOIN_LINE_ITEM"
      },
      "scope": "global",
      "id": "746e0e8c-670c-4067-8d0d-41feadecf3d7",
      "index": 34,
      "timestamp": "2024-11-11T06:13:24.148Z",
      "hash": "YOTx/B2AF2tkoiHi0PAJxerV3D8=",
      "skip": 0
    },
    {
      "type": "SET_OPERATION_SCHEMA",
      "input": {
        "id": "6TFiD0677vqk/l26x0cZE9KdJOk=",
        "schema": "input UpdateStablecoinLineItemInput {\n  \"Add your inputs here\"\n  _placeholder: String\n}"
      },
      "scope": "global",
      "id": "5a528bcf-cc2f-4dd4-85c3-60e5d533b505",
      "index": 35,
      "timestamp": "2024-11-11T06:13:24.148Z",
      "hash": "cmc4rdNX1F7ebpENOMmOiDP9nYE=",
      "skip": 0
    },
    {
      "type": "SET_OPERATION_SCHEMA",
      "input": {
        "id": "6TFiD0677vqk/l26x0cZE9KdJOk=",
        "schema": "input UpdateStablecoinLineItemInput {\n  lineItemId: I\n}"
      },
      "scope": "global",
      "id": "6040a3b0-0d89-434f-bc68-148fe2e77eba",
      "index": 36,
      "timestamp": "2024-11-11T06:13:36.583Z",
      "hash": "iiSpW1RpY4EbpD67HHU7h9xljI0=",
      "skip": 0
    },
    {
      "type": "SET_OPERATION_SCHEMA",
      "input": {
        "id": "6TFiD0677vqk/l26x0cZE9KdJOk=",
        "schema": "input UpdateStablecoinLineItemInput {\n  lineItemId: ID\n}"
      },
      "scope": "global",
      "id": "722ed8a2-aedc-4b53-a94e-1c4279ca08e5",
      "index": 37,
      "timestamp": "2024-11-11T06:13:36.584Z",
      "hash": "r4UPt3PSZ2z51Od/enfQK7EDum8=",
      "skip": 0
    },
    {
      "type": "SET_OPERATION_SCHEMA",
      "input": {
        "id": "6TFiD0677vqk/l26x0cZE9KdJOk=",
        "schema": "input UpdateStablecoinLineItemInput {\n  lineItemId: ID!\n}"
      },
      "scope": "global",
      "id": "8aaf1e22-fc0b-4a35-a92b-ef41cd3e3d8e",
      "index": 38,
      "timestamp": "2024-11-11T06:13:46.973Z",
      "hash": "eGrLCj6/5sRfB2zitUDNE8ewiYc=",
      "skip": 0
    },
    {
      "type": "SET_OPERATION_SCHEMA",
      "input": {
        "id": "6TFiD0677vqk/l26x0cZE9KdJOk=",
        "schema": "input UpdateStablecoinLineItemInput {\n  lineItemId: ID!\n  \n}"
      },
      "scope": "global",
      "id": "f0cab63b-5fea-414a-adfa-43f3a60c676b",
      "index": 39,
      "timestamp": "2024-11-11T06:13:47.796Z",
      "hash": "2Cxr7n1MSyqF2hWhtidDmFryxrc=",
      "skip": 0
    },
    {
      "type": "SET_OPERATION_SCHEMA",
      "input": {
        "id": "6TFiD0677vqk/l26x0cZE9KdJOk=",
        "schema": "input UpdateStablecoinLineItemInput {\n  lineItemId: ID!\n  description: String\n  amount: Amount_Money!\n  currency: Currency!\n}"
      },
      "scope": "global",
      "id": "920f30ff-4bf5-4206-803d-eb2d778e53d6",
      "index": 40,
      "timestamp": "2024-11-11T06:13:55.746Z",
      "hash": "9Y0zWllu8HHCO4eUh2bGSNgdwYs=",
      "skip": 0
    },
    {
      "type": "SET_OPERATION_SCHEMA",
      "input": {
        "id": "6TFiD0677vqk/l26x0cZE9KdJOk=",
        "schema": "input UpdateStablecoinLineItemInput {\n  lineItemId: ID!\n  description: String\n  amount: Amount_Money\n  currency: Currency!\n}"
      },
      "scope": "global",
      "id": "b95deb2e-ffb1-4bea-9ceb-942948c02a57",
      "index": 41,
      "timestamp": "2024-11-11T06:13:56.967Z",
      "hash": "weJAGG+mwxlwCWDZ19UsbethsYI=",
      "skip": 0
    },
    {
      "type": "SET_OPERATION_SCHEMA",
      "input": {
        "id": "6TFiD0677vqk/l26x0cZE9KdJOk=",
        "schema": "input UpdateStablecoinLineItemInput {\n  lineItemId: ID!\n  description: String\n  amount: Amount_Money\n  currency: Currency\n}"
      },
      "scope": "global",
      "id": "4c4ea65d-c82c-4de6-b492-af11aaeaf0ec",
      "index": 42,
      "timestamp": "2024-11-11T06:13:58.275Z",
      "hash": "zjJ7b0a2bl8xUEEQzUkhkeCsZjk=",
      "skip": 0
    },
    {
      "type": "ADD_OPERATION",
      "input": {
        "id": "ruBm5qWetO87fUrlgUmhnFzsP2E=",
        "moduleId": "muz1EWlnacU3ZjmoKZsZHye97lk=",
        "name": "UPDATE_POWT_LINE_ITEM"
      },
      "scope": "global",
      "id": "2c1aa0ce-7ed6-4e80-b189-077217f952f5",
      "index": 43,
      "timestamp": "2024-11-11T06:14:11.484Z",
      "hash": "1ed3SffVWC1NLJLHPxyVfWrQAdk=",
      "skip": 0
    },
    {
      "type": "SET_OPERATION_SCHEMA",
      "input": {
        "id": "ruBm5qWetO87fUrlgUmhnFzsP2E=",
        "schema": "input UpdatePowtLineItemInput {\n  \"Add your inputs here\"\n  _placeholder: String\n}"
      },
      "scope": "global",
      "id": "c44882f1-a652-4a9d-93ea-171b84e555b1",
      "index": 44,
      "timestamp": "2024-11-11T06:14:11.502Z",
      "hash": "LFD9vN9tsvktfOY2O4O99CQpNF4=",
      "skip": 0
    },
    {
      "type": "SET_OPERATION_SCHEMA",
      "input": {
        "id": "ruBm5qWetO87fUrlgUmhnFzsP2E=",
        "schema": "input UpdatePowtLineItemInput {\n  description: String\n  amount: Amount_Tokens!\n  projectCode: String\n}"
      },
      "scope": "global",
      "id": "f12e7999-91c6-4fc5-96ca-7ea431fb60a2",
      "index": 45,
      "timestamp": "2024-11-11T06:14:21.411Z",
      "hash": "IvBdmCZtqs5KZlMLUyEZQ9/Kl90=",
      "skip": 0
    },
    {
      "type": "SET_OPERATION_SCHEMA",
      "input": {
        "id": "ruBm5qWetO87fUrlgUmhnFzsP2E=",
        "schema": "input UpdatePowtLineItemInput {\n  \n  description: String\n  amount: Amount_Tokens!\n  projectCode: String\n}"
      },
      "scope": "global",
      "id": "97077c62-683e-4ae5-a150-641af7ab29f4",
      "index": 46,
      "timestamp": "2024-11-11T06:14:23.130Z",
      "hash": "x/MvW7aLjIpYCpqB+m1/3AM8m84=",
      "skip": 0
    },
    {
      "type": "SET_OPERATION_SCHEMA",
      "input": {
        "id": "ruBm5qWetO87fUrlgUmhnFzsP2E=",
        "schema": "input UpdatePowtLineItemInput {\n  lineItemId: I\n  description: String\n  amount: Amount_Tokens!\n  projectCode: String\n}"
      },
      "scope": "global",
      "id": "7c6a106d-d735-4640-817e-c970604e761e",
      "index": 47,
      "timestamp": "2024-11-11T06:14:26.157Z",
      "hash": "o2a4LoYd9oSi+qnZHBG48toK5vY=",
      "skip": 0
    },
    {
      "type": "SET_OPERATION_SCHEMA",
      "input": {
        "id": "ruBm5qWetO87fUrlgUmhnFzsP2E=",
        "schema": "input UpdatePowtLineItemInput {\n  lineItemId: ID\n  description: String\n  amount: Amount_Tokens!\n  projectCode: String\n}"
      },
      "scope": "global",
      "id": "f2b55109-6652-4016-aa8a-316e62297e93",
      "index": 48,
      "timestamp": "2024-11-11T06:14:26.196Z",
      "hash": "d3shG62sftf2EGR84rNYt+slDKo=",
      "skip": 0
    },
    {
      "type": "SET_OPERATION_SCHEMA",
      "input": {
        "id": "ruBm5qWetO87fUrlgUmhnFzsP2E=",
        "schema": "input UpdatePowtLineItemInput {\n  lineItemId: ID!\n  description: String\n  amount: Amount_Tokens!\n  projectCode: String\n}"
      },
      "scope": "global",
      "id": "10ba28cd-c2d5-44d1-83ae-c69242675b81",
      "index": 49,
      "timestamp": "2024-11-11T06:14:26.373Z",
      "hash": "xzSk+CiMdCk3KrZqRlGGo+XFiy8=",
      "skip": 0
    },
    {
      "type": "ADD_OPERATION",
      "input": {
        "id": "TnCGRN190vtnrKs9pVtz+/i74mw=",
        "moduleId": "muz1EWlnacU3ZjmoKZsZHye97lk=",
        "name": "DELETE_STABLECOIN_LINE_ITEM"
      },
      "scope": "global",
      "id": "fa8fa171-e332-40c0-b9b6-a9db9fa495b8",
      "index": 50,
      "timestamp": "2024-11-11T06:14:36.213Z",
      "hash": "HtO2IMM7MgGF0IvaeADLG2cOTLU=",
      "skip": 0
    },
    {
      "type": "SET_OPERATION_SCHEMA",
      "input": {
        "id": "TnCGRN190vtnrKs9pVtz+/i74mw=",
        "schema": "input DeleteStablecoinLineItemInput {\n  \"Add your inputs here\"\n  _placeholder: String\n}"
      },
      "scope": "global",
      "id": "bb99964c-44f0-473e-9f84-8bacffa7cf2b",
      "index": 51,
      "timestamp": "2024-11-11T06:14:36.238Z",
      "hash": "Ym4YEq8Hj8ndZvStIZNQ7SAqUs0=",
      "skip": 0
    },
    {
      "type": "SET_OPERATION_SCHEMA",
      "input": {
        "id": "TnCGRN190vtnrKs9pVtz+/i74mw=",
        "schema": "input DeleteStablecoinLineItemInput {\n  lineItemId: O\n}"
      },
      "scope": "global",
      "id": "00d71002-d34c-41ac-aece-509960a43403",
      "index": 52,
      "timestamp": "2024-11-11T06:14:41.973Z",
      "hash": "2q2dJFFxumqFrAM1WlX1c8FAfEk=",
      "skip": 0
    },
    {
      "type": "SET_OPERATION_SCHEMA",
      "input": {
        "id": "TnCGRN190vtnrKs9pVtz+/i74mw=",
        "schema": "input DeleteStablecoinLineItemInput {\n  lineItemId: OID\n}"
      },
      "scope": "global",
      "id": "207969ca-35c4-4e8e-822d-d0168abb695c",
      "index": 53,
      "timestamp": "2024-11-11T06:14:42.045Z",
      "hash": "45IS2+RvrNmBLiwRXT/AnnIkNNI=",
      "skip": 0
    },
    {
      "type": "SET_OPERATION_SCHEMA",
      "input": {
        "id": "TnCGRN190vtnrKs9pVtz+/i74mw=",
        "schema": "input DeleteStablecoinLineItemInput {\n  lineItemId: OI\n}"
      },
      "scope": "global",
      "id": "7693d3fe-378c-4ae1-9e7e-9eae9618a017",
      "index": 54,
      "timestamp": "2024-11-11T06:14:42.536Z",
      "hash": "GpsXG4D3gGN8WEOquk518SJAQ6M=",
      "skip": 0
    },
    {
      "type": "SET_OPERATION_SCHEMA",
      "input": {
        "id": "TnCGRN190vtnrKs9pVtz+/i74mw=",
        "schema": "input DeleteStablecoinLineItemInput {\n  lineItemId: O\n}"
      },
      "scope": "global",
      "id": "7f163276-8d45-487d-afce-e21dea01a0f8",
      "index": 55,
      "timestamp": "2024-11-11T06:14:42.680Z",
      "hash": "2q2dJFFxumqFrAM1WlX1c8FAfEk=",
      "skip": 0
    },
    {
      "type": "SET_OPERATION_SCHEMA",
      "input": {
        "id": "TnCGRN190vtnrKs9pVtz+/i74mw=",
        "schema": "input DeleteStablecoinLineItemInput {\n  lineItemId: I\n}"
      },
      "scope": "global",
      "id": "b6611dfc-cbbb-47a1-9037-8fd028efbc63",
      "index": 56,
      "timestamp": "2024-11-11T06:14:43.029Z",
      "hash": "7K51obHFEDMyNWhpPe5V3Q9c4Iw=",
      "skip": 0
    },
    {
      "type": "SET_OPERATION_SCHEMA",
      "input": {
        "id": "TnCGRN190vtnrKs9pVtz+/i74mw=",
        "schema": "input DeleteStablecoinLineItemInput {\n  lineItemId: ID\n}"
      },
      "scope": "global",
      "id": "887da4cc-cae0-4eae-bf24-8b703d9ed197",
      "index": 57,
      "timestamp": "2024-11-11T06:14:43.600Z",
      "hash": "FjEOdglxJXJJeiGolWmxafs8T4s=",
      "skip": 0
    },
    {
      "type": "SET_OPERATION_SCHEMA",
      "input": {
        "id": "TnCGRN190vtnrKs9pVtz+/i74mw=",
        "schema": "input DeleteStablecoinLineItemInput {\n  lineItemId: ID!\n}"
      },
      "scope": "global",
      "id": "1cdbd6fa-298c-47b3-9bd5-583b51785117",
      "index": 58,
      "timestamp": "2024-11-11T06:14:43.790Z",
      "hash": "0DSiCOPpZO4qenbLbdgWxLKzExk=",
      "skip": 0
    },
    {
      "type": "ADD_OPERATION",
      "input": {
        "id": "Vq9KFkG2ZUQEkW4n+T3ChmC8h7E=",
        "moduleId": "muz1EWlnacU3ZjmoKZsZHye97lk=",
        "name": "DELETE_POWT_LINE_ITEM"
      },
      "scope": "global",
      "id": "7bb0a745-c96c-46b8-a0fc-bdb244d1f966",
      "index": 59,
      "timestamp": "2024-11-11T06:14:53.749Z",
      "hash": "kemkC84mo153iakSGJe0LoyzpNw=",
      "skip": 0
    },
    {
      "type": "SET_OPERATION_SCHEMA",
      "input": {
        "id": "Vq9KFkG2ZUQEkW4n+T3ChmC8h7E=",
        "schema": "input DeletePowtLineItemInput {\n  \"Add your inputs here\"\n  _placeholder: String\n}"
      },
      "scope": "global",
      "id": "d0267b6a-8274-4736-8b61-a66055c09915",
      "index": 60,
      "timestamp": "2024-11-11T06:14:53.765Z",
      "hash": "asuwfHzsZ5i9vIfCTYegtkpe/Ls=",
      "skip": 0
    },
    {
      "type": "SET_OPERATION_SCHEMA",
      "input": {
        "id": "Vq9KFkG2ZUQEkW4n+T3ChmC8h7E=",
        "schema": "input DeletePowtLineItemInput {\n  lineItemId: I\n}"
      },
      "scope": "global",
      "id": "58864b17-fbb6-454c-bad6-99d9a4035565",
      "index": 61,
      "timestamp": "2024-11-11T06:14:59.136Z",
      "hash": "SPUyW0xMQCJ+hOdSakOhgsTT0x4=",
      "skip": 0
    },
    {
      "type": "SET_OPERATION_SCHEMA",
      "input": {
        "id": "Vq9KFkG2ZUQEkW4n+T3ChmC8h7E=",
        "schema": "input DeletePowtLineItemInput {\n  lineItemId: ID\n}"
      },
      "scope": "global",
      "id": "aa7e66ab-f960-4e28-87e6-1ec82e93338a",
      "index": 62,
      "timestamp": "2024-11-11T06:14:59.199Z",
      "hash": "U8DhQ4nxtRoXTpWpQGzFlsCsslA=",
      "skip": 0
    },
    {
      "type": "SET_OPERATION_SCHEMA",
      "input": {
        "id": "Vq9KFkG2ZUQEkW4n+T3ChmC8h7E=",
        "schema": "input DeletePowtLineItemInput {\n  lineItemId: ID!\n}"
      },
      "scope": "global",
      "id": "3caedd99-d519-4ded-9c09-44eb93347a27",
      "index": 63,
      "timestamp": "2024-11-11T06:14:59.421Z",
      "hash": "Kt5z9XhCWQnLofqbzbKEZ9pFgio=",
      "skip": 0
    },
    {
      "type": "SET_OPERATION_SCHEMA",
      "input": {
        "id": "Vq9KFkG2ZUQEkW4n+T3ChmC8h7E=",
        "schema": "input DeletePowtLineItemInput {\n  lineItemId: ID!\n  \n}"
      },
      "scope": "global",
      "id": "c3b4ea5d-eb5c-452f-aff5-80d875027630",
      "index": 64,
      "timestamp": "2024-11-11T06:15:00.029Z",
      "hash": "UK7azH4WHlaZ52/spUkGZDbLxrw=",
      "skip": 0
    },
    {
      "type": "SET_OPERATION_SCHEMA",
      "input": {
        "id": "Vq9KFkG2ZUQEkW4n+T3ChmC8h7E=",
        "schema": "input DeletePowtLineItemInput {\n  lineItemId: ID!\n\n}"
      },
      "scope": "global",
      "id": "6102a9a5-a311-4273-8ac5-4c72f8491fc4",
      "index": 65,
      "timestamp": "2024-11-11T06:15:01.891Z",
      "hash": "859dI1r8BmeAOqY5BCSb//Z1H8E=",
      "skip": 0
    },
    {
      "type": "SET_OPERATION_SCHEMA",
      "input": {
        "id": "Vq9KFkG2ZUQEkW4n+T3ChmC8h7E=",
        "schema": "input DeletePowtLineItemInput {\n  lineItemId: ID!\n}"
      },
      "scope": "global",
      "id": "fe377061-6973-49dc-9b57-7e60dab70443",
      "index": 66,
      "timestamp": "2024-11-11T06:15:02.110Z",
      "hash": "Kt5z9XhCWQnLofqbzbKEZ9pFgio=",
      "skip": 0
    },
    {
      "type": "ADD_OPERATION",
      "input": {
        "id": "JJ1TxeskkmDFMK53K+h1rl7MYKI=",
        "moduleId": "muz1EWlnacU3ZjmoKZsZHye97lk=",
        "name": "UPDATE_CONTRIBUTOR_BILL"
      },
      "scope": "global",
      "id": "2f6b3c71-4abc-4c15-8515-7d951a64afd4",
      "index": 67,
      "timestamp": "2024-11-11T06:15:44.314Z",
      "hash": "NFL63Tz1hVlXjOypYl2AdjB0cVk=",
      "skip": 0
    },
    {
      "type": "SET_OPERATION_SCHEMA",
      "input": {
        "id": "JJ1TxeskkmDFMK53K+h1rl7MYKI=",
        "schema": "input UpdateContributorBillInput {\n  \"Add your inputs here\"\n  _placeholder: String\n}"
      },
      "scope": "global",
      "id": "40cdad84-6b83-4b38-9b4e-bbd9cd5d482a",
      "index": 68,
      "timestamp": "2024-11-11T06:15:44.335Z",
      "hash": "jiC/gQyN55jAPpH9BBskqWVfvb8=",
      "skip": 0
    },
    {
      "type": "SET_OPERATION_SCHEMA",
      "input": {
        "id": "JJ1TxeskkmDFMK53K+h1rl7MYKI=",
        "schema": "input UpdateContributorBillInput {\n  issued: Date!\n  issuer: EthereumAddress\n  due: Date\n  recipient: EthereumAddress\n}"
      },
      "scope": "global",
      "id": "d4012929-008c-466a-b834-66ef3e21ddc3",
      "index": 69,
      "timestamp": "2024-11-11T06:17:50.063Z",
      "hash": "G59GIXqgqHCXBsjWFE3VYbZl0k8=",
      "skip": 0
    },
    {
      "type": "SET_OPERATION_SCHEMA",
      "input": {
        "id": "JJ1TxeskkmDFMK53K+h1rl7MYKI=",
        "schema": "input UpdateContributorBillInput {\n  issued: Date\n  issuer: EthereumAddress\n  due: Date\n  recipient: EthereumAddress\n}"
      },
      "scope": "global",
      "id": "07806d84-a2d3-45eb-aa6e-40918abdebf5",
      "index": 70,
      "timestamp": "2024-11-11T06:17:53.739Z",
      "hash": "CikwBkxmX7mUrNnncSMxZFtziRQ=",
      "skip": 0
    }
  ],
  "local": []
}